"V0";"V1";"V2a";"V2b";"V3a";"V3b";"V4a";"V4b";"V4c";"V5a";"V5b";"V5c";"V6";"V7";"V8";"V9";"V10a";"V10b";"V11a";"V11b";"V11c";"V12a";"V12b";"V13a";"V13b";"V14a";"V14b";"V15a";"V15b";"V16a";"V16b";"V17";"V18";"V19"
"NUI2224";"Marabá";"Parauapebas";"Grupo 2";"Cidade Nova - Rua 3";"1";"100";"Estimativa dos técnicos municipais";"2020";"2";;;"4";"3";"3";"2";"5";"Área Protegida - municipal";"1";"FBDS";;"2";"inundação";"1";"-";"2";;"2";;"4";"médio/alto padrão";"2";"Intervenção necessária - Remoção";"de 100 a 700"
"NUI2226";"Marabá";"Parauapebas";"Grupo 2";"Maranhão";"1";"153";"CADUNICO";"2020";"1";"Favela com ocupação a partir de undidades habitacionais improvisadas, passíveis de adequação.";;"4";"2";"3";"1";"2";"Área Prioritária para Conservação Ambiental (APCA) e Área Especial de Relevante Interesse Ambiental (AERIA): Sujeita ao controle ambiental";"0";;;"3";"DESLIZAMENTO /
DESLIZAMENTO/MOVIMENTO DE MASSA";"1";"-";"2";;"3";;"2";;"2";"Parte da pop. Deve ser removida por estar em área de risco e parte da área deve receber equipamentos urbanos e serviços e adequação de UH`s. (MATR 051, LOTEAMENTO POREM DESCARACTERIZADO)";"de 100 a 700"
"NUI2222";"Marabá";"Parauapebas";"Grupo 2";"Betânea";"1";"1500";"Estimativa dos técnicos municipais";"2020";"2";;;"4";"3";"2";"2";"5";"Área Protegida - municipal";"0";"FBDS";"menos de 1%";"3";"DESLIZAMENTO/MOVIMENTO DE MASSA";"1";"-";"2";;"2";;"2";;"2";"Intervenção necessária - Adequação de UHs, adequação de sistema viário e regularização urbanística e fundiária do loteamento (REQUALIFICAÇÃO DO AUTO DE DEMERCAÇÃO)";"de 701 a 2.000"
"NUI2223";"Marabá";"Parauapebas";"Grupo 2";"Caetanópolis";"1";"1000";"Estimativa dos técnicos municipais";"2020";"2";;;"4";"3";"3";"2";"5";"Área Protegida - municipal";"1";"FBDS";;"2";;"1";"-";"2";;"2";;"2";;"2";"Intervenção necessária - equipamentos urbanos e serviços e adequação de Uhs";"de 701 a 2.000"
"NUI2229";"Marabá";"Parauapebas";"Grupo 2";"Nova Vida II";"1";"70";"Estimativa dos técnicos municipais";"2020";"2";;;"4";"3";"2";"2";"5";"Área Protegida - municipal";"1";"Prefeitura";"Mapas do Plano Diretor (2019)";"2";;"1";"-";"2";;"2";;"1";;"2";;"de 51 a 99"
"NUI2230";"Marabá";"Parauapebas";"Grupo 2";"Novo Horizonte";"1";"600";"Estimativa dos técnicos municipais";"2020";"2";;;"4";"3";"3";"2";"5";"Área Protegida - municipal";"0";;;"2";;"1";"-";"1";;"1";;"4";"Predominam habitações de padrão médio (consolidadas e com dimensões e qualidade aceitáveis);";"2";"Adequação de UH`s, adequação de sistema viário e regularização urbanística e fundiária de loteamento (REGISTRADO S AUTO DE DEMERCAÇÃO)";"de 100 a 700"
"NUI2227";"Marabá";"Parauapebas";"Grupo 2";"Montes Claros";"1";"100";"Estimativa dos técnicos municipais";"2020";"2";;;"3";"2";"2";"2";"5";"Área Protegida - municipal";"1";"FBDS";;"2";"inundação e deslizamento/movimento de massa";"1";"-";"2";;"3";;"2";;"3";"Intervenção necessária - adequação de UH`s implantação de infraestrutura básica";"de 100 a 700"
"NUI2228";"Marabá";"Parauapebas";"Grupo 2";"Nova Vida I - B";"1";"80";"Estimativa dos técnicos municipais";"2020";"2";;;"3";"2";"3";"2";"5";"Área Protegida - municipal";"1";"FBDS";;"3";"DESLIZAMENTO/MOVIMENTO DE MASSA";"1";"-";"2";;"2";;"2";;"2";;"de 51 a 99"
"NUI2215";"Marabá";"Parauapebas";"Grupo 2";"Res. Dos Minérios";"1";"2000";"Estimativa dos técnicos municipais";"2020";"3";"loteamento popular (MCMV)";;"3";"3";"2";"1";"5";"Área Protegida - municipal";"1";"FBDS";;"3";"alagamento";"1";"-";"1";;"1";;"1";;"1";;"de 701 a 2.000"
"NUI2212";"Marabá";"Parauapebas";"Grupo 2";"Lot. Vila Rica - Res. Vale do Sol";"1";"400";"Estimativa dos técnicos municipais";"2020";"3";;;"3";"3";"2";"1";"5";"Área Protegida - municipal";"1";"s/i";"Pesquisa de Campo";"2";;"1";"-";"1";;"1";;"1";;"2";;"de 100 a 700"
"NUI2213";"Marabá";"Parauapebas";"Grupo 2";"Nova Vida";"1";"800";"prefeitura";"2020";"1";"A?rea de loteamento irregular e favela, com a?reas de risco, pois são localizadas em encosta de morro";;"4";"3";"3";"1";"5";"Área Protegida - municipal";"1";"FBDS";;"2";;"1";"-";"2";;"1";"Predominam lotes bem definidos, com alta ocupação";"2";"casas populares e diferentes estágios";"2";"ausência de saneamento";"de 701 a 2.000"
"NUI2214";"Marabá";"Parauapebas";"Grupo 2";"Nova Vitória";"1";"700";"Estimativa dos técnicos municipais";"2020";"1";;;"3";"1";"1";"1";"5";"Área Protegida - municipal";"1";"FBDS";;"3";"DESLIZAMENTO/MOVIMENTO DE MASSA";"1";"-";"3";;"3";;"3";;"3";;"de 100 a 700"
"NUI2220";"Marabá";"Parauapebas";"Grupo 2";"Altamira B";"1";"100";"Estimativa dos técnicos municipais";"2020";"2";;;"4";"3";"2";"2";"5";"Área Protegida - municipal";"1";"FBDS";;"3";"inundação";"1";"-";"2";;"4";;"1";;"2";;"de 100 a 700"
"NUI2221";"Marabá";"Parauapebas";"Grupo 2";"Bairro da Paz";"1";"600";"Estimativa dos técnicos municipais";"2020";"1";;;"4";"3";"3";"2";"5";"Área Protegida - municipal";"1";"FBDS";;"2";"Está a margem de um córrego.";"1";"-";"2";;"2";"3";"1";;"2";"Intervenção necessária - Remoção (REQUALIFICAÇÃO DO AUTO DE DEMERCAÇÃO)";"de 100 a 700"
"NUI2211";"Marabá";"Parauapebas";"Grupo 2";"Lot. Vila Rica";"1";"300";"Estimativa dos técnicos municipais";"2020";"3";"lotes doados pela prefeitura, exceção irregularidade urbanística (infraestrutura incompleta)";;"3";"3";"2";"1";"5";"Área Protegida - municipal";"1";"Prefeitura";"Pesquisa de Campo";"2";;"1";"-";"1";;"1";;"4";"acima do padrão popular";"2";"ausência de saneamento";"de 100 a 700"
"NUI2219";"Marabá";"Parauapebas";"Grupo 2";"Altamira A";"1";"1000";"Estimativa dos técnicos municipais";"2020";"2";;;"4";"3";"2";"2";"5";"Área Protegida - municipal";"1";"FBDS";;"2";"considerado não consolidável pelo PLHIS, pois está a margem de um córrego";"1";"-";"1";;"3";"4";"1";;"2";"Intervenção necessária - Adequação de UHs, adequação de sistema viário e regularização urbanística e fundiária do loteamento";"de 701 a 2.000"
"NUI2225";"Marabá";"Parauapebas";"Grupo 2";"Liberdade I A/I B/II";"1";"1475";"CADUNICO";"2020";"1";"1 e 2 - há presença de loteamentos irregulares tb";;"4";"3";"3";"2";"3";;"1";"FBDS";;"3";"DESLIZAMENTO /
MOVIMENTO DE MASSA e INUNDAÇÃO";"1";"-";"2";;"2";"3";"2";;"2";"Intervenção necessária - Remoção (DESAPROPRIADO, N HÁ REGISTRO DO AUTO DE DEMARCAÇÃO)";"de 701 a 2.000"
"NUI2218";"Marabá";"Parauapebas";"Grupo 2";"VS 10";"1";"412";"Censo IBGE";"2010";"2";"loteamento pop";;"3";"3";"2";"1";"5";"Área Protegida - municipal";"1";"FBDS";;"3";"inundação";"1";"-";"2";;"2";"3";"1";;"1";;"de 100 a 700"
"NUI2264";"Marabá";"São João do Araguaia";"Grupo 4";"Morro do Zoologico";"1";"205";"CADUNICO";"2020";"1";;;"4";"3";"3";"2";"5";"Área Protegida - municipal";"1";"FBDS";;"2";;"2";"-";"4";;"3";;"3";;"3";;"de 100 a 700"
"NUI2263";"Marabá";"São João do Araguaia";"Grupo 4";"NUC Recente São João do Araguaia";"1";"100";"Estimativa dos técnicos municipais";"2020";"1";;;"3";"2";"3";"2";"5";"Área Protegida - municipal";"1";"FBDS";;"2";;"2";"-";"4";;"3";;"1";;"2";;"de 100 a 700"
"NUI2253";"Marabá";"São Domingos do Araguaia";"Grupo 3";"Vila Betel";"1";"30";"Estimativa dos técnicos municipais";"2020";"4";;;"4";"3";"1";"4";"5";"Área Protegida - municipal";"0";"FBDS";"menos de 1%";"2";;"1";"-";"1";;"3";;"2";;"3";;"até 50"
"NUI2260";"Marabá";"São Domingos do Araguaia";"Grupo 3";"Bairro Menez";"1";"40";"Estimativa dos técnicos municipais";"2020";"2";"Chacreamento";"também tem loteamento";"3";"2";"2";"4";"5";"Área Protegida - municipal";"1";"FBDS";;"2";;"1";"-";"2";;"1";;"1";;"3";;"até 50"
"NUI2258";"Marabá";"São Domingos do Araguaia";"Grupo 3";"Bairro Açaizal (parcialmente)";"1";"50";"Estimativa dos técnicos municipais";"2020";"2";;;"4";"2";"2";"4";"5";"Área Protegida - municipal";"0";;;"2";;"1";"-";"1";;"1";;"1";;"3";;"até 50"
"NUI2257";"Marabá";"São Domingos do Araguaia";"Grupo 3";"Bairro Bragantino (parcialmente)";"1";"150";"Estimativa dos técnicos municipais";"2020";"2";;;"4";"1";"3";"4";"5";"Área Protegida - municipal";"0";;;"2";;"1";"-";"1";;"1";;"1";;"3";;"de 100 a 700"
"NUI2254";"Marabá";"São Domingos do Araguaia";"Grupo 3";"Vila Almescão II";"1";"40";"Estimativa dos técnicos municipais";"2020";"4";;;"4";"3";"1";"4";"5";"Área Protegida - municipal";"1";"FBDS";;"2";;"1";"-";"1";;"3";;"2";;"3";;"até 50"
"NUI2252";"Marabá";"São Domingos do Araguaia";"Grupo 3";"Vila 43";"1";"60";"Estimativa dos técnicos municipais";"2020";"4";;;"4";"3";"1";"4";"5";"Área Protegida - municipal";"0";;;"2";;"1";"-";"1";;"3";;"2";;"3";;"de 51 a 99"
"NUI2250";"Marabá";"São Domingos do Araguaia";"Grupo 3";"Vila Santana";"1";"500";"Estimativa dos técnicos municipais";"2020";"4";;;"4";"4";"1";"4";"5";"Área Protegida - municipal";"1";"FBDS";;"2";;"1";"-";"1";;"3";;"2";;"1";;"de 100 a 700"
"NUI2255";"Marabá";"São Domingos do Araguaia";"Grupo 3";"Vila Cacau";"1";"25";"Estimativa dos técnicos municipais";"2020";"4";;;"4";"3";"1";"4";"5";"Área Protegida - municipal";"0";;;"2";;"1";"-";"1";;"3";;"2";;"3";;"até 50"
"NUI2249";"Marabá";"Rondon do Pará";"Grupo 3";"Área de reserva no Novo Horizonte";"1";"60";"Prefeitura";"2020";"1";;;"2";"3";"2";"2";"1";;"1";"FBDS";;"2";;"1";"-";"1";;"1";;"1";;"2";"Não há previsão de regularizar imóveis desta área";"de 51 a 99"
"NUI2262";"Marabá";"São Domingos do Araguaia";"Grupo 3";"Loteamentos Guinhaci";"1";"40";"Estimativa dos técnicos municipais";"2020";"2";;;"3";"2";"2";"4";"5";"Área Protegida - municipal";"0";;;"2";;"1";"-";"1";;"1";;"4";"Casas de classe média e de qualidade";"2";"Loteamento classe média";"até 50"
"NUI2248";"Marabá";"Rondon do Pará";"Grupo 3";"Nova Rondon";"1";"250";"Prefeitura";"2020";"2";;;"3";"3";"3";"1";"1";;"0";;;"2";;"1";"-";"1";;"1";;"1";;"2";;"de 100 a 700"
"NUI2247";"Marabá";"Rondon do Pará";"Grupo 3";"Loteamento Reserva do Bosque";"1";"30";"Prefeitura";"2020";"1";;;"2";"1";"2";"1";"5";"Área Protegida - municipal";"1";"FBDS";;"2";;"1";"-";"1";;"1";;"1";;"2";"Possui projeto de parcelamento em tramitação na Prefeitura";"até 50"
"NUI2261";"Marabá";"São Domingos do Araguaia";"Grupo 3";"Bairro Paraná";"1";"100";"Estimativa dos técnicos municipais";"2020";"2";;;"3";"1";"2";"4";"5";"Área Protegida - municipal";"0";;;"2";;"1";"-";"1";;"1";;"2";;"2";"Está em processo de regularização";"de 100 a 700"
"NUI2251";"Marabá";"São Domingos do Araguaia";"Grupo 3";"Vila São Benedito";"1";"150";"Estimativa dos técnicos municipais";"2020";"4";;;"4";"3";"1";"4";"5";"Área Protegida - municipal";"1";"s/i";"Pesquisa de Campo";"3";"alagamento";"1";"-";"1";;"3";;"2";;"3";;"de 100 a 700"
"NUI2259";"Marabá";"São Domingos do Araguaia";"Grupo 3";"Setor aeroporto (parcialmente)";"1";"25";"Estimativa dos técnicos municipais";"2020";"1";;;"4";"1";"2";"4";"5";"Área Protegida - municipal";"0";;;"2";;"1";"-";"1";;"1";;"3";;"3";"Prefeitura";"até 50"
"NUI2256";"Marabá";"São Domingos do Araguaia";"Grupo 3";"Bairro Jardim Vitória";"1";"50";"Estimativa dos técnicos municipais";"2020";"2";;;"2";"1";"2";"4";"5";"Área Protegida - municipal";"0";;;"2";;"1";"-";"1";;"1";;"1";;"3";"Loteamento classe baixa";"até 50"
"NUI2069";"Marabá";"Canaã dos Carajás";"Grupo 3";"Portal do Sol";"1";"249";"Estimativa dos técnicos municipais";"2020";"2";;;"4";"3";"3";"1";"5";"Área Protegida - municipal";"1";"FBDS";;"2";"Não";"1";"-";"1";;"2";;"4";;"1";;"de 100 a 700"
"NUI2091";"Marabá";"Canaã dos Carajás";"Grupo 3";"Alvorada II";"1";"12";"Censo IBGE";"2010";"2";;;"3";"2";"2";"2";"5";"Área Protegida - municipal";"1";"FBDS";;"3";"Inundação";"1";"-";"1";"O perímetro do NUI é maior que a áera ocupada.";"1";;"4";;"1";;"até 50"
"NUI2089";"Marabá";"Canaã dos Carajás";"Grupo 3";"Vale da Benção";"1";"900";"Estimativa dos técnicos municipais";"2020";"1";;;"3";"3";"2";"1";"5";"Área Protegida - municipal";"1";"FBDS";;"2";"Não";"1";"-";"2";;"1";;"4";;"1";;"de 701 a 2.000"
"NUI2086";"Marabá";"Canaã dos Carajás";"Grupo 3";"Nova Canaã II";"1";"360";"Estimativa dos técnicos municipais";"2020";"2";;;"4";"3";"2";"2";"5";"Área Protegida - municipal";"1";"FBDS";;"2";"Não";"1";"-";"1";;"2";;"4";;"1";;"de 100 a 700"
"NUI2084";"Marabá";"Canaã dos Carajás";"Grupo 3";"Jardim Florido";"1";"21";"CADUNICO";"2020";"2";;;"4";"3";"2";"2";"5";"Área Protegida - municipal";"1";"FBDS";;"3";"Inundação";"1";"-";"1";;"2";;"4";;"1";;"até 50"
"NUI2085";"Marabá";"Canaã dos Carajás";"Grupo 3";"Montes Belos II";"1";"62";"Censo IBGE";"2010";"2";;;"4";"3";"2";"2";"5";"Área Protegida - municipal";"0";;;"2";"Não";"1";"-";"1";;"2";;"4";;"3";;"de 51 a 99"
"NUI2064";"Marabá";"Canaã dos Carajás";"Grupo 3";"Estância Feliz";"1";"111";"Estimativa dos técnicos municipais";"2020";"2";;;"4";"3";"3";"1";"5";"Área Protegida - municipal";"0";;;"2";"Não";"1";"-";"1";;"1";;"4";;"1";;"de 100 a 700"
"NUI2066";"Marabá";"Canaã dos Carajás";"Grupo 3";"Liberdade";"1";"95";"Estimativa dos técnicos municipais";"2020";"2";;;"4";"3";"3";"1";"5";"Área Protegida - municipal";"0";;;"2";"Não";"1";"-";"1";;"2";;"4";;"1";;"de 51 a 99"
"NUI2068";"Marabá";"Canaã dos Carajás";"Grupo 3";"Parque dos Ipês";"1";"600";"Estimativa dos técnicos municipais";"2020";"2";;;"4";"3";"3";"2";"5";"Área Protegida - municipal";"1";"FBDS";;"3";"Inundação";"1";"-";"1";;"2";;"4";;"1";;"de 100 a 700"
"NUI2065";"Marabá";"Canaã dos Carajás";"Grupo 3";"João Pintinho";"1";"342";"Estimativa dos técnicos municipais";"2020";"2";;;"4";"3";"3";"1";"5";"Área Protegida - municipal";"1";"FBDS";;"3";"Inundação";"1";"-";"1";;"2";;"4";;"1";;"de 100 a 700"
"NUI2067";"Marabá";"Canaã dos Carajás";"Grupo 3";"Maranhenses";"1";"302";"Estimativa dos técnicos municipais";"2020";"2";;;"4";"3";"3";"1";"5";"Área Protegida - municipal";"0";;;"2";"Não";"1";"-";"2";;"2";;"4";;"1";;"de 100 a 700"
"NUI2090";"Marabá";"Canaã dos Carajás";"Grupo 3";"Jardim das Palmeiras";"1";"51";"Censo IBGE";"2010";"2";;;"4";"2";"2";"2";"5";"Área Protegida - municipal";"1";"FBDS";;"3";"Inundação";"1";"-";"1";;"1";;"4";;"2";;"de 51 a 99"
"NUI2095";"Marabá";"Canaã dos Carajás";"Grupo 3";"Residencial Canaã";"1";"8";"Censo IBGE";"2010";"3";;;"3";"3";"2";"2";"5";"Área Protegida - municipal";"1";"FBDS";;"2";"Não";"1";"-";"1";;"1";;"4";;"1";;"até 50"
"NUI2074";"Marabá";"Canaã dos Carajás";"Grupo 3";"Esplanada";"1";"197";"Estimativa dos técnicos municipais";"2020";"2";;;"4";"2";"3";"1";"5";"Área Protegida - municipal";"0";;;"2";"Não";"1";"-";"1";;"2";;"4";;"1";;"de 100 a 700"
"NUI2072";"Marabá";"Canaã dos Carajás";"Grupo 3";"Vale Verde (Parque Shalon)";"1";"664";"Censo IBGE";"2010";"2";;;"4";"3";"3";"2";"5";"Área Protegida - municipal";"1";"FBDS";;"3";"Inundação";"1";"-";"1";;"2";;"4";;"1";;"de 100 a 700"
"NUI2092";"Marabá";"Canaã dos Carajás";"Grupo 3";"Polo Industrial";"1";"26";"Censo IBGE";"2010";"2";;;"4";"3";"2";"2";"5";"Área Protegida - municipal";"1";"FBDS";;"3";"Inundação";"1";"-";"1";;"1";;"4";;"2";;"até 50"
"NUI2075";"Marabá";"Canaã dos Carajás";"Grupo 3";"Novo Horizonte I";"1";"1191";"Estimativa dos técnicos municipais";"2020";"2";;;"4";"2";"3";"1";"5";"Área Protegida - municipal";"0";;;"2";"Não";"1";"-";"1";;"2";;"4";;"1";;"de 701 a 2.000"
"NUI2073";"Marabá";"Canaã dos Carajás";"Grupo 3";"Alto Bonito II";"1";"650";"Estimativa dos técnicos municipais";"2020";"2";;;"4";"2";"3";"2";"5";"Área Protegida - municipal";"1";"FBDS";;"3";"Inundação";"1";"-";"1";"O perímetro do NUI é maior que a áera ocupada.";"1";;"4";;"2";;"de 100 a 700"
"NUI2061";"Marabá";"Brejo Grande do Araguaia";"Grupo 4";"Vila Brejão";"1";"20";"Estimativa dos técnicos municipais";"2020";"4";"assentamento";;"4";"1";"1";"4";"5";"Área Protegida - municipal";"1";"FBDS";;"2";;"1";"-";"1";;"1";;"3";;"2";;"até 50"
"NUI2063";"Marabá";"Canaã dos Carajás";"Grupo 3";"Centro";"1";"325";"Estimativa dos técnicos municipais";"2020";"5";;;"4";"3";"3";"1";"5";"Área Protegida - municipal";"0";;;"2";"Não";"1";"-";"2";;"2";;"4";;"1";;"de 100 a 700"
"NUI2087";"Marabá";"Canaã dos Carajás";"Grupo 3";"Novo Brasil";"1";"1500";"Estimativa dos técnicos municipais";"2020";"1";;;"4";"3";"2";"1";"5";"Área Protegida - municipal";"1";"FBDS";;"3";"Desliçamento";"1";"-";"1";;"2";;"4";;"1";;"de 701 a 2.000"
"NUI2070";"Marabá";"Canaã dos Carajás";"Grupo 3";"São José";"1";"370";"Estimativa dos técnicos municipais";"2020";"2";;;"4";"3";"3";"1";"5";"Área Protegida - municipal";"0";;;"2";"Não";"1";"-";"1";;"2";;"4";;"1";;"de 100 a 700"
"NUI2071";"Marabá";"Canaã dos Carajás";"Grupo 3";"Vale Dourado";"1";"1100";"Estimativa dos técnicos municipais";"2020";"2";;;"4";"3";"3";"2";"5";"Área Protegida - municipal";"1";"FBDS";;"3";"Inundação";"1";"-";"1";;"2";;"4";;"1";;"de 701 a 2.000"
"NUI2093";"Marabá";"Canaã dos Carajás";"Grupo 3";"Residencial Bela Vista";"1";"28";"Censo IBGE";"2010";"2";;;"4";"3";"2";"2";"5";"Área Protegida - municipal";"1";"FBDS";;"3";"Inundação";"1";"-";"1";;"1";;"4";;"2";;"até 50"
"NUI2054";"Marabá";"Abel Figueiredo";"Grupo 4";"Povoado Caracol 02";"1";"5";"Google Earth/Prefeitura";"2020";"4";;;"4";"3";"1";"4";"1";;"1";"FBDS";;"2";;"1";"-";"1";;"1";;"2";;"3";;"até 50"
"NUI2056";"Marabá";"Abel Figueiredo";"Grupo 4";"Vila Carne de Sol";"1";"20";"Prefeitura";"2020";"4";;;"4";"3";"1";"4";"1";;"0";;;"2";;"1";"-";"1";;"1";;"2";;"3";;"até 50"
"NUI2055";"Marabá";"Abel Figueiredo";"Grupo 4";"Vale Verde";"1";"60";"Prefeitura";"2020";"2";;;"4";"3";"3";"4";"5";"Área Protegida - municipal";"0";;;"2";;"1";"-";"1";;"1";;"1";;"2";"Trata-se de área que está inserida na malha urbana, e possui projeto de parcelamento aprovado. Mas até a conclusão da pesquisa não houve informação se há previsão de implantação de infraestrutura ou de conclusão do projeto";"de 51 a 99"
"NUI2053";"Marabá";"Abel Figueiredo";"Grupo 4";"Povoado Caracol 01";"1";"7";"Google Earth/Prefeitura";"2020";"4";;;"4";"3";"1";"4";"1";;"1";"FBDS";;"2";;"1";"-";"1";;"1";;"2";;"3";;"até 50"
"NUI2060";"Marabá";"Bom Jesus do Tocantins";"Grupo 4";"Loteamento do Seu Edinaldo";"1";"10";"Estimativa dos técnicos municipais";"2020";"2";;;"2";"2";"2";"4";"1";;"0";;;"2";;"1";"-";"1";;"1";;"1";;"2";;"até 50"
"NUI2058";"Marabá";"Bom Jesus do Tocantins";"Grupo 4";"Bairro Nunes";"1";"30";"Prefeitura";"2020";"1";;;"2";"2";"2";"4";"1";;"0";;;"2";;"1";"-";"1";;"1";;"1";;"2";;"até 50"
"NUI2059";"Marabá";"Bom Jesus do Tocantins";"Grupo 4";"Loteamento Barcelos";"1";"30";"Prefeitura";"2020";"2";;;"2";"2";"2";"4";"1";;"0";;;"2";;"1";"-";"1";;"1";;"1";;"2";;"até 50"
"NUI2057";"Marabá";"Bom Jesus do Tocantins";"Grupo 4";"Bairro Amazonas";"1";"25";"Prefeitura";"2020";"1";;;"2";"2";"2";"4";"1";;"0";;;"2";;"1";"-";"1";;"1";;"1";;"2";;"até 50"
"NUI2101";"Marabá";"Itupiranga";"Grupo 3";"Loteamento Ipê";"1";"119";"Censo IBGE";"2010";"2";;;"3";"3";"3";"2";"5";"Área Protegida - municipal";"1";"FBDS";;"2";;"1";"-";"1";;"3";;"4";"Não foi possível identificar Google Earth";"2";;"de 100 a 700"
"NUI2103";"Marabá";"Itupiranga";"Grupo 3";"Loteamento Manoel de Barros";"1";"29";"Censo IBGE";"2010";"2";;;"3";"2";"3";"2";"5";"Área Protegida - municipal";"1";"FBDS";;"2";;"1";"-";"2";;"3";"pouco ocupado";"2";;"3";;"até 50"
"NUI2111";"Marabá";"Itupiranga";"Grupo 3";"Vila Jovem Creolândia";"1";"86";"Censo IBGE";"2010";"4";;;"4";"2";"1";"2";"3";;"1";"FBDS";;"2";;"1";"-";"5";"Não foi possível identificar Google Earth";"5";"Não foi possível identificar Google Earth";"4";"Não foi possível identificar Google Earth";"3";;"de 51 a 99"
"NUI2105";"Marabá";"Itupiranga";"Grupo 3";"Loteamento Alípio Pereira";"1";"17";"Censo IBGE";"2010";"2";;;"3";"3";"3";"2";"5";"Área Protegida - municipal";"1";"FBDS";;"3";"alagamento";"1";"-";"2";;"3";"pouco ocupado";"3";;"3";;"até 50"
"NUI2115";"Marabá";"Jacundá";"Grupo 3";"Construtura Lima";"1";"500";"Estimativa dos técnicos municipais";"2020";"2";;;"4";"2";"2";"4";"5";"Área Protegida - municipal";"1";"FBDS";;"3";"Incêncio/eletrochoque";"1";"-";"2";;"1";;"2";;"3";"1500 Lotes/ 500 familias";"de 100 a 700"
"NUI2116";"Marabá";"Jacundá";"Grupo 3";"Loteamento Sabiá";"1";"60";"Estimativa dos técnicos municipais";"2020";"2";;;"2";"2";"2";"4";"5";"Área Protegida - municipal";"0";"FBDS";"menos de 1%";"2";;"1";"-";"2";;"1";;"1";;"2";"380 lotes/ 60 familias";"de 51 a 99"
"NUI2104";"Marabá";"Itupiranga";"Grupo 3";"Loteamento Jataí";"1";"61";"Censo IBGE";"2010";"2";;;"3";"2";"3";"2";"5";"Área Protegida - municipal";"1";"FBDS";;"2";;"1";"-";"2";;"3";"pouco ocupado";"4";"Não foi possível identificar Google Earth";"3";;"de 51 a 99"
"NUI2106";"Marabá";"Itupiranga";"Grupo 3";"Loteamento Carvalho";"1";"123";"Censo IBGE";"2010";"2";;;"4";"2";"3";"2";"5";"Área Protegida - municipal";"1";"FBDS";;"3";"alagamento";"1";"-";"4";;"3";"pouco ocupado";"4";"Não foi possível identificar Google Earth";"3";;"de 100 a 700"
"NUI2108";"Marabá";"Itupiranga";"Grupo 3";"Vila Betânia";"1";"25";"Censo IBGE";"2010";"4";;;"4";"2";"1";"2";"5";"Área Protegida - municipal";"1";"FBDS";;"2";;"1";"-";"4";;"5";"Não foi possível identificar Google Earth";"4";"Não foi possível identificar Google Earth";"3";;"até 50"
"NUI2113";"Marabá";"Itupiranga";"Grupo 3";"Vila Palmeira V";"1";"53";"Censo IBGE";"2010";"4";;;"4";"2";"1";"2";"5";"Área Protegida - municipal";"0";;;"2";;"1";"-";"4";;"5";"Não foi possível identificar Google Earth";"4";"Não foi possível identificar Google Earth";"3";;"de 51 a 99"
"NUI2112";"Marabá";"Itupiranga";"Grupo 3";"Vila Cuxiú";"1";"35";"Censo IBGE";"2010";"4";;;"4";"2";"1";"2";"5";"Área Protegida - municipal";"0";;;"2";;"1";"-";"4";;"5";"Não foi possível identificar Google Earth";"4";"Não foi possível identificar Google Earth";"3";;"até 50"
"NUI2107";"Marabá";"Itupiranga";"Grupo 3";"Vila Novo Progresso";"1";"446";"Censo IBGE";"2010";"4";;;"4";"3";"1";"2";"5";"Área Protegida - municipal";"1";"FBDS";;"2";;"1";"-";"2";;"5";"Não foi possível identificar Google Earth";"4";"Não foi possível identificar Google Earth";"2";;"de 100 a 700"
"NUI2100";"Marabá";"Itupiranga";"Grupo 3";"Bairro Piscinão";"1";"282";"CADUNICO";"2020";"1";;;"4";"1";"3";"2";"5";"Área Protegida - municipal";"1";"FBDS";;"2";;"1";"-";"2";;"3";;"3";;"2";;"de 100 a 700"
"NUI2099";"Marabá";"Itupiranga";"Grupo 3";"Bairro Vitória";"1";"68";"CADUNICO";"2020";"1";;;"4";"1";"3";"2";"5";"Área Protegida - municipal";"1";"FBDS";;"3";"alagamento";"1";"-";"1";;"3";;"2";;"2";;"de 51 a 99"
"NUI2114";"Marabá";"Itupiranga";"Grupo 3";"Vila Palmeira VI";"1";"177";"Censo IBGE";"2010";"4";;;"4";"2";"1";"2";"5";"Área Protegida - municipal";"1";"FBDS";;"2";;"1";"-";"4";;"5";"Não foi possível identificar Google Earth";"4";"Não foi possível identificar Google Earth";"3";;"de 100 a 700"
"NUI2102";"Marabá";"Itupiranga";"Grupo 3";"Loteamento Bela Vista";"1";"226";"Censo IBGE";"2010";"2";;;"3";"2";"1";"2";"5";"Área Protegida - municipal";"1";"FBDS";;"3";"alagamento";"1";"-";"2";;"3";"pouco ocupado";"4";"Não foi possível identificar Google Earth";"3";;"de 100 a 700"
"NUI2079";"Marabá";"Canaã dos Carajás";"Grupo 3";"Vila Nova Jerusalém";"1";"36";"Censo IBGE";"2010";"4";;;"4";"2";"1";"2";"5";"Área Protegida - municipal";"0";;;"2";"Não";"1";"-";"1";;"3";;"4";;"2";;"até 50"
"NUI2096";"Marabá";"Eldorado dos Carajás";"Grupo 3";"KM 02";"PLANO DIRETOR";"1473";"CADUNICO";"2020";"2";;;"4";"2";"3";"1";"5";"Área Protegida - municipal";"1";"FBDS";;"1";;"1";"-";"2";;"2";;"1";;"2";;"de 701 a 2.000"
"NUI2081";"Marabá";"Canaã dos Carajás";"Grupo 3";"Vila Planalto";"1";"297";"Estimativa dos técnicos municipais";"2020";"4";;;"4";"2";"1";"2";"5";"Área Protegida - municipal";"0";;;"2";"Não";"1";"-";"1";;"1";;"4";;"1";;"de 100 a 700"
"NUI2080";"Marabá";"Canaã dos Carajás";"Grupo 3";"Vila Ouro Verde";"1";"251";"Censo IBGE";"2010";"4";;;"4";"2";"1";"2";"5";"Área Protegida - municipal";"1";"FBDS";;"2";"Não";"1";"-";"1";;"2";;"4";;"1";;"de 100 a 700"
"NUI2109";"Marabá";"Itupiranga";"Grupo 3";"Vila Tauirí";"1";"194";"Censo IBGE";"2010";"4";;;"4";"3";"1";"2";"3";;"1";"FBDS";;"3";"alagamento";"1";"-";"3";;"5";"Não foi possível identificar Google Earth";"4";"Não foi possível identificar Google Earth";"3";;"de 100 a 700"
"NUI2110";"Marabá";"Itupiranga";"Grupo 3";"Vila Grotão da Onça";"1";"168";"Censo IBGE";"2010";"4";;;"4";"2";"1";"2";"5";"Área Protegida - municipal";"0";;;"2";;"1";"-";"3";;"5";"Não foi possível identificar Google Earth";"4";"Não foi possível identificar Google Earth";"3";;"de 100 a 700"
"NUI2098";"Marabá";"Eldorado dos Carajás";"Grupo 3";"VILA TANCREDO NEVES";"PLANO DIRETOR";"232";"Censo IBGE";"2010";"4";;;"4";"3";"1";"1";"5";"Área Protegida - municipal";"1";"FBDS";;"1";;"1";"-";"2";;"3";;"2";;"3";;"de 100 a 700"
"NUI2097";"Marabá";"Eldorado dos Carajás";"Grupo 3";"VILA 17 DE ABRIL";"PLANO DIRETOR";"689";"Estimativa dos técnicos municipais";"2020";"4";;;"4";"3";"1";"1";"5";"Área Protegida - municipal";"0";;;"1";;"1";"-";"1";;"1";;"2";;"3";;"de 100 a 700"
"NUI2083";"Marabá";"Canaã dos Carajás";"Grupo 3";"Alto Bonito III";"1";"40";"Censo IBGE";"2010";"2";;;"4";"3";"2";"2";"5";"Área Protegida - municipal";"0";;;"2";"Não";"1";"-";"1";;"2";;"4";;"2";;"até 50"
"NUI2076";"Marabá";"Canaã dos Carajás";"Grupo 3";"Jardim Primavera";"1";"14";"Censo IBGE";"2010";"2";;;"3";"2";"3";"2";"5";"Área Protegida - municipal";"0";;;"2";"Não";"1";"-";"1";"O perímetro do NUI é maior que a áera ocupada.";"2";"O perímetro do NUI é maior que a áera ocupada.";"4";;"1";;"até 50"
"NUI2088";"Marabá";"Canaã dos Carajás";"Grupo 3";"Santa Vitória(Motocross)";"1";"600";"Estimativa dos técnicos municipais";"2020";"1";;;"3";"3";"2";"1";"5";"Área Protegida - municipal";"0";;;"2";"Não";"1";"-";"1";;"2";;"4";;"1";;"de 100 a 700"
"NUI2094";"Marabá";"Canaã dos Carajás";"Grupo 3";"Bela Vista III";"1";"11";"Censo IBGE";"2010";"2";;;"3";"3";"2";"2";"5";"Área Protegida - municipal";"1";"FBDS";;"3";"Inundação";"1";"-";"1";"Sem edificações na imagem google";"5";"Sem edificações na imagem google";"4";"Sem edificações na imagem google";"1";;"até 50"
"NUI2077";"Marabá";"Canaã dos Carajás";"Grupo 3";"Vila Bom Jesus";"1";"184";"Censo IBGE";"2010";"4";;;"4";"2";"1";"2";"5";"Área Protegida - municipal";"1";"FBDS";;"2";"Não";"1";"-";"1";;"1";;"4";;"1";;"de 100 a 700"
"NUI2082";"Marabá";"Canaã dos Carajás";"Grupo 3";"Vila do Imigrantes";"1";"6";"Censo IBGE";"2010";"4";;;"3";"2";"1";"2";"5";"Área Protegida - municipal";"0";;;"2";"Não";"1";"-";"1";;"3";;"4";;"2";;"até 50"
"NUI2062";"Marabá";"Canaã dos Carajás";"Grupo 3";"Rotatoria";"1";"16";"Censo IBGE";"2010";"1";;;"2";"2";"1";"2";"1";;"1";"FBDS";;"1";;"1";"-";"2";;"3";;"4";;"4";;"até 50"
"NUI2078";"Marabá";"Canaã dos Carajás";"Grupo 3";"Vila Feitosa";"1";"20";"CADUNICO";"2020";"4";;;"4";"2";"1";"2";"5";"Área Protegida - municipal";"0";;;"2";"Não";"1";"-";"1";;"3";;"4";;"2";;"até 50"
"NUI2130";"Marabá";"Marabá";"Grupo 2";"Bairro Bela Vista";"1";"1057";"Censo IBGE";"2010";"1";;;"4";"3";"3";"1";"5";"Área Protegida - municipal";"0";;;"2";;"4";"2";"1";;"1";;"3";;"2";"Regularizado";"de 701 a 2.000"
"NUI2145";"Marabá";"Marabá";"Grupo 2";"Independència";"1";"1360";"Censo IBGE";"2010";"1";;;"4";"3";"3";"2";"5";"Área Protegida - municipal";"1";"FBDS";;"3";"alagamento";"3";"2";"1";;"1";;"4";;"2";;"de 701 a 2.000"
"NUI2128";"Marabá";"Marabá";"Grupo 2";"Alzira Mutran";"1";"275";"Censo IBGE";"2010";"1";;;"4";"3";"3";"2";"5";"Área Protegida - municipal";"1";"Prefeitura";"Pesquisa de Campo";"2";;"2";"-";"1";;"1";;"1";;"2";"Está sento regularizado";"de 100 a 700"
"NUI2163";"Marabá";"Marabá";"Grupo 2";"Residencial Magalhães";"1";"28";"Censo IBGE";"2010";"3";;;"2";"3";"3";"1";"5";"Área Protegida - municipal";"0";"FBDS";"menos de 1%";"2";;"2";"-";"1";;"1";;"1";;"2";;"até 50"
"NUI2181";"Marabá";"Marabá";"Grupo 2";"VILA ZÉ DO ÔNIBUS / VILA ZÉ DO ÔNIBUS  MARABÁ";"1";"209";"Censo IBGE";"2010";"4";;;"4";"2";"1";"2";"5";"Área Protegida - municipal";"0";;;"1";;"2";"-";"2";;"3";;"4";"Imagem SV de 2012 - marcaria o 2";"4";"Não tem SV atualizado. Imagem aérea 2020 - marcaria o 3";"de 100 a 700"
"NUI2187";"Marabá";"Marabá";"Grupo 2";"VILA CABANAGEM";"1";"259";"Censo IBGE";"2010";"4";;;"2";"3";"1";"2";"1";;"0";;;"1";;"2";"-";"5";"Quase não se percebe um traçado. Muito esparsa.";"5";"Quase não se identicam lotes.";"4";"Não tem SV";"4";"Imagem de baixa resolução para as análises";"de 100 a 700"
"NUI2132";"Marabá";"Marabá";"Grupo 2";"Bairro Liberdade";"3. trabalho de campo";"3860";"Censo IBGE";"2010";"1";;;"4";"3";"3";"2";"5";"Área Protegida - municipal";"1";"Prefeitura";"Pesquisa de Campo";"3";"parte alaga";"4";"2";"1";;"2";"misto com 1";"1";;"2";;"mais que 2.000"
"NUI2153";"Marabá";"Marabá";"Grupo 2";"Santa Rita";"1";"20";"Censo IBGE";"2010";"1";;;"4";"3";"3";"1";"5";"Área Protegida - municipal";"1";"Prefeitura";"Pesquisa de Campo";"3";"alagamento";"3";"1";"1";;"2";;"3";;"1";"Regularizado parcialmente por ser área de mais de 100 anos - Parte baixo da cota 82 m não pode ser regularizada.";"até 50"
"NUI2155";"Marabá";"Marabá";"Grupo 2";"São Félix II";"1";"170";"Censo IBGE";"2010";"1";;;"4";"2";"2";"1";"5";"Área Protegida - municipal";"0";;;"2";;"2";"-";"1";;"1";;"1";;"2";;"de 100 a 700"
"NUI2158";"Marabá";"Marabá";"Grupo 2";"São José II (Km 08)";"1";"158";"Censo IBGE";"2010";"1";;;"4";"3";"3";"2";"5";"Área Protegida - municipal";"1";"FBDS";;"2";;"4";"2";"1";;"1";;"2";;"2";;"de 100 a 700"
"NUI2142";"Marabá";"Marabá";"Grupo 2";"Folha 25";"1";"147";"Censo IBGE";"2010";"1";;;"4";"3";"3";"1";"5";"Área Protegida - municipal";"1";"FBDS";;"3";"alagamento";"3";"1";"1";;"1";;"3";;"2";"alagamento, n deveria ter, mas tem problemas de infra";"de 100 a 700"
"NUI2154";"Marabá";"Marabá";"Grupo 2";"São Félix I";"1";"1459";"Censo IBGE";"2010";"1";;;"4";"2";"2";"1";"5";"Área Protegida - municipal";"1";"Prefeitura";"Pesquisa de Campo";"3";"alagamento";"2";"-";"1";;"1";;"2";;"2";;"de 701 a 2.000"
"NUI2143";"Marabá";"Marabá";"Grupo 2";"Folha 35";"1";"271";"Aglomerados Subnormais 2019";"2020";"1";;;"4";"2";"3";"1";"5";"Área Protegida - municipal";"1";"Prefeitura";"Pesquisa de Campo";"3";"alagamento";"4";"2";"1";;"1";;"1";;"2";;"de 100 a 700"
"NUI2129";"Marabá";"Marabá";"Grupo 2";"Araguaia (Fanta)";"1";"549";"Censo IBGE";"2010";"1";;;"4";"2";"3";"1";"5";"Área Protegida - municipal";"0";"FBDS";"menos de 1%";"2";;"2";"-";"1";;"1";;"2";;"2";;"de 100 a 700"
"NUI2156";"Marabá";"Marabá";"Grupo 2";"São Félix III";"1";"149";"Censo IBGE";"2010";"1";;;"4";"2";"2";"1";"5";"Área Protegida - municipal";"0";;;"2";;"2";"-";"1";;"1";;"3";;"2";;"de 100 a 700"
"NUI2157";"Marabá";"Marabá";"Grupo 2";"São José (Km 08)";"1";"116";"Censo IBGE";"2010";"1";;;"4";"3";"3";"1";"5";"Área Protegida - municipal";"0";;;"2";;"2";"-";"1";;"1";;"2";;"2";;"de 100 a 700"
"NUI2125";"Marabá";"Jacundá";"Grupo 3";"Castanheira";"1";"40";"Estimativa dos técnicos municipais";"2020";"1";;;"3";"3";"2";"4";"5";"Área Protegida - municipal";"1";"FBDS";;"3";"Incêncio/eletrochoque";"1";"-";"2";;"3";;"2";;"2";;"até 50"
"NUI2146";"Marabá";"Marabá";"Grupo 2";"Infraereo";"1";"186";"Censo IBGE";"2010";"1";;;"4";"2";"3";"1";"5";"remoção, área segurança do sitio portuário aeroporto";"0";;;"2";;"4";"2";"1";;"2";;"3";;"3";"diminuição, pessoas serão remanejadas";"de 100 a 700"
"NUI2126";"Marabá";"Jacundá";"Grupo 3";"Bela Esperança junto rio Arrais";"1";"174";"CADUNICO";"2020";"1";;;"4";"3";"2";"4";"5";"Área Protegida - municipal";"1";"FBDS";;"3";"Alagamento e Incêncio/eletrochoque";"1";"-";"2";;"3";;"2";;"3";;"de 100 a 700"
"NUI2127";"Marabá";"Jacundá";"Grupo 3";"Bela Vista junto rio Arrais";"1";"566";"CADUNICO";"2020";"1";;;"4";"3";"2";"4";"5";"Área Protegida - municipal";"1";"FBDS";;"3";"Alagamento e Incêncio/eletrochoque";"1";"-";"2";;"3";;"2";;"3";;"de 100 a 700"
"NUI2148";"Marabá";"Marabá";"Grupo 2";"Jardim União";"1";"514";"Censo IBGE";"2010";"1";;;"4";"3";"3";"1";"5";"Área Protegida - municipal";"1";"Prefeitura";"Pesquisa de Campo";"2";;"4";"2";"1";;"1";;"3";;"2";;"de 100 a 700"
"NUI2150";"Marabá";"Marabá";"Grupo 2";"Nossa Senhora Aparecida (Coca Cola)";"1";"1465";"Aglomerados Subnormais 2019";"2020";"1";;;"4";"2";"3";"1";"5";"Área Protegida - municipal";"1";"FBDS";;"3";"alagamento";"4";"1";"1";;"1";;"2";;"3";"Dinalva - asfalto, cuidado de cuidar";"de 701 a 2.000"
"NUI2137";"Marabá";"Marabá";"Grupo 2";"Folha 01 - Área da COSIPAR";"1";"97";"Censo IBGE";"2010";"1";;;"3";"3";"3";"2";"5";"Área Protegida - municipal";"1";"FBDS";;"2";;"4";"1";"1";;"1";;"2";;"2";;"de 51 a 99"
"NUI2144";"Marabá";"Marabá";"Grupo 2";"Francolândia";"1";"64";"Censo IBGE";"2010";"1";;;"4";"3";"3";"1";"5";"Área Protegida - municipal";"0";;;"2";;"2";"-";"1";;"1";;"2";;"3";;"de 51 a 99"
"NUI2119";"Marabá";"Jacundá";"Grupo 3";"Loteamento do Jaliro";"1";"30";"Estimativa dos técnicos municipais";"2020";"2";;;"3";"2";"2";"4";"5";"Área Protegida - municipal";"0";"FBDS";"menos de 1%";"2";;"1";"-";"2";;"1";;"2";;"2";"195 lotes/ 30 familias";"até 50"
"NUI2120";"Marabá";"Jacundá";"Grupo 3";"Loteamento do Laurindo";"1";"62";"CADUNICO";"2020";"2";;;"3";"2";"3";"4";"5";"Área Protegida - municipal";"1";"FBDS";;"2";;"1";"-";"2";;"1";;"1";;"2";"163 lotes/ 21 familias";"de 51 a 99"
"NUI2117";"Marabá";"Jacundá";"Grupo 3";"Loteamento do Sr. Berg / Jardim Floresta";"1";"270";"Estimativa dos técnicos municipais";"2020";"2";;;"3";"2";"2";"4";"5";"Área Protegida - municipal";"1";"FBDS";;"2";;"1";"-";"2";;"1";;"1";;"2";"310/ 270 familias";"de 100 a 700"
"NUI2118";"Marabá";"Jacundá";"Grupo 3";"Loteamento Dona Edna";"1";"200";"Estimativa dos técnicos municipais";"2020";"2";;;"3";"2";"3";"4";"5";"Área Protegida - municipal";"1";"FBDS";;"2";;"1";"-";"2";;"1";;"1";;"2";"255 lotes/ 200 familias";"de 100 a 700"
"NUI2123";"Marabá";"Jacundá";"Grupo 3";"Loteamento do Marquinho";"1";"10";"Estimativa dos técnicos municipais";"2020";"2";;;"3";"2";"2";"4";"5";"Área Protegida - municipal";"1";"FBDS";;"2";;"1";"-";"2";;"1";;"1";;"2";"180 lotes / 10 familias";"até 50"
"NUI2124";"Marabá";"Jacundá";"Grupo 3";"Invasão/proprietário";"1";"150";"Estimativa dos técnicos municipais";"2020";"1";;;"3";"2";"2";"4";"5";"Área Protegida - municipal";"1";"FBDS";;"2";;"1";"-";"2";"Ainda não tem um traçado definido";"3";;"3";;"3";;"de 100 a 700"
"NUI2121";"Marabá";"Jacundá";"Grupo 3";"Loteamento do Hélio";"1";"27";"Estimativa dos técnicos municipais";"2020";"2";;;"3";"2";"2";"4";"5";"Área Protegida - municipal";"0";;;"2";;"1";"-";"2";;"1";;"1";;"2";"324 lotes/ 27 familias";"até 50"
"NUI2122";"Marabá";"Jacundá";"Grupo 3";"Loteamento do Miltinho";"1";"140";"Estimativa dos técnicos municipais";"2020";"2";;;"3";"2";"2";"4";"5";"Área Protegida - municipal";"0";;;"2";;"1";"-";"2";;"1";;"1";;"3";"200 lotes/ 140 familias";"de 100 a 700"
"NUI2182";"Marabá";"Marabá";"Grupo 2";"Francisco coelho (Marabá pioneira)";"1";"371";"Censo IBGE";"2010";"5";;;"4";"3";"3";"2";"5";"Área Protegida - municipal";"1";"FBDS";;"3";"alagamento";"3";"2";"1";;"2";;"2";;"2";"Proteção de predios históricos. Casas muito pequenas de 2,5m largura";"de 100 a 700"
"NUI2183";"Marabá";"Marabá";"Grupo 2";"São Félix - Pioneira";"1";"505";"Censo IBGE";"2010";"6";;;"4";"3";"3";"1";"5";"Área Protegida - municipal";"1";"FBDS";;"3";"alagamento";"3";"2";"4";;"1";"misto com 2";"1";;"2";"em processo de regularização";"de 100 a 700"
"NUI2162";"Marabá";"Marabá";"Grupo 2";"Folha 6";"1";"1215";"Censo IBGE";"2010";"2";;;"4";"3";"3";"2";"5";"Área Protegida - municipal";"1";"FBDS";;"3";"alagamento";"4";"1";"1";;"1";;"3";;"3";;"de 701 a 2.000"
"NUI2149";"Marabá";"Marabá";"Grupo 2";"Morro da Folha 04";"1";"293";"Censo IBGE";"2010";"1";;;"4";"2";"3";"2";"5";"Área Protegida - municipal";"1";"FBDS";;"3";"desabamento";"4";"1";"4";;"1";;"3";;"3";;"de 100 a 700"
"NUI2184";"Marabá";"Marabá";"Grupo 2";"Bairro da Paz";"1";"1131";"Censo IBGE";"2010";"1";;;"4";"3";"3";"1";"5";"Área Protegida - municipal";"1";"FBDS";;"3";"alagamento, grotas";"3";"2";"1";;"1";;"3";;"3";;"de 701 a 2.000"
"NUI2134";"Marabá";"Marabá";"Grupo 2";"Vale do Itacaiúnas";"1";"429";"Censo IBGE";"2010";"1";;;"4";"3";"3";"1";"5";"Área Protegida - municipal";"1";"FBDS";;"2";;"4";"2";"1";;"1";;"4";;"2";;"de 100 a 700"
"NUI2147";"Marabá";"Marabá";"Grupo 2";"Invasão Revmar (folha 31)";"1";"21";"Censo IBGE";"2010";"1";;;"4";"3";"3";"1";"5";"Área Protegida - municipal";"0";;;"2";;"2";"-";"2";;"1";;"2";;"2";"Está sento regularizado";"até 50"
"NUI2151";"Marabá";"Marabá";"Grupo 2";"Novo Planalto (parte)";"1";"1285";"Censo IBGE";"2010";"1";;;"4";"2";"3";"1";"5";"Área Protegida - municipal";"0";;;"2";;"4";"2";"1";;"2";"misto com 1";"4";;"2";;"de 701 a 2.000"
"NUI2138";"Marabá";"Marabá";"Grupo 2";"Folha 07";"1";"736";"Censo IBGE";"2010";"1";;;"4";"3";"3";"2";"5";"Área Protegida - municipal";"0";;;"1";;"2";"-";"1";;"1";;"2";;"2";;"de 701 a 2.000"
"NUI2139";"Marabá";"Marabá";"Grupo 2";"Folha 08";"1";"450";"Trabalho de campo";"fev-21";"1";;;"4";"3";"3";"2";"5";"Área Protegida - municipal";"1";"FBDS";;"2";;"4";"1";"1";;"1";;"2";;"2";;"de 100 a 700"
"NUI2168";"Marabá";"Marabá";"Grupo 2";"VILA SECO";"1";"8";"Censo IBGE";"2010";"4";;;"4";"3";"1";"2";"5";"Área Protegida - municipal";"0";;;"1";;"2";"-";"2";;"3";;"4";;"4";;"até 50"
"NUI2167";"Marabá";"Marabá";"Grupo 2";"VILA ALTO BONITO DO ITACAIÚNAS";"1";"37";"Censo IBGE";"2010";"4";;;"4";"3";"1";"2";"5";"Área Protegida - municipal";"0";;;"1";;"2";"-";"1";;"1";;"4";;"4";;"até 50"
"NUI2152";"Marabá";"Marabá";"Grupo 2";"Vila Canaã";"1";"158";"Censo IBGE";"2010";"1";"Palafitas";;"4";"3";"3";"2";"5";"Área Protegida - municipal";"1";"FBDS";;"3";"alagamento";"4";"2";"1";;"1";"Palafitas";"3";;"3";;"de 100 a 700"
"NUI2131";"Marabá";"Marabá";"Grupo 2";"Bom Planalto";"3. trabalho de campo";"2103";"CADUNICO";"2020";"1";;;"4";"3";"3";"1";"5";"Área Protegida - municipal";"1";"Prefeitura";"Pesquisa de Campo";"3";"alagamento, grotas";"3";"2";"1";;"1";;"3";;"3";;"mais que 2.000"
"NUI2140";"Marabá";"Marabá";"Grupo 2";"Folha 13";"1";"498";"Censo IBGE";"2010";"1";;;"4";"3";"3";"2";"5";"Área Protegida - municipal";"1";"FBDS";;"1";;"3";"1";"1";;"1";;"2";;"2";;"de 100 a 700"
"NUI2141";"Marabá";"Marabá";"Grupo 2";"Folha 14";"1";"136";"Censo IBGE";"2010";"1";;;"4";"1";"3";"1";"5";"Área Protegida - municipal";"1";"FBDS";;"3";"alagamento";"3";"1";"1";;"1";;"3";;"3";"Caixa Econômica";"de 100 a 700"
"NUI2174";"Marabá";"Marabá";"Grupo 2";"VILA CARIMÃ";"1";"144";"Censo IBGE";"2010";"4";;;"4";"2";"1";"2";"5";"Área Protegida - municipal";"1";"FBDS";;"1";;"2";"-";"1";;"3";;"4";;"4";"Sede distrito municipal";"de 100 a 700"
"NUI2173";"Marabá";"Marabá";"Grupo 2";"VILA ALTO BONITO";"1";"68";"Censo IBGE";"2010";"4";;;"4";"3";"1";"2";"5";"Área Protegida - municipal";"0";;;"1";;"2";"-";"1";;"1";;"4";;"4";"Sede distrito municipal";"de 51 a 99"
"NUI2176";"Marabá";"Marabá";"Grupo 2";"VILA ITAPERUNA";"1";"48";"Censo IBGE";"2010";"4";;;"4";"3";"1";"2";"5";"Área Protegida - municipal";"0";;;"1";;"2";"-";"1";;"3";;"4";;"4";;"até 50"
"NUI2175";"Marabá";"Marabá";"Grupo 2";"VILA CASA BRANCA";"1";"20";"Censo IBGE";"2010";"4";;;"4";"3";"1";"2";"5";"Área Protegida - municipal";"1";"FBDS";;"1";;"2";"-";"1";;"3";;"4";;"4";;"até 50"
"NUI2170";"Marabá";"Marabá";"Grupo 2";"VILA LANA";"1";"65";"Censo IBGE";"2010";"4";;;"4";"3";"1";"2";"5";"Área Protegida - municipal";"1";"FBDS";;"1";;"2";"-";"2";;"3";;"4";;"4";;"de 51 a 99"
"NUI2169";"Marabá";"Marabá";"Grupo 2";"VILA CONQUISTA";"1";"68";"Censo IBGE";"2010";"4";;;"4";"2";"1";"2";"5";"Área Protegida - municipal";"1";"FBDS";;"1";;"2";"-";"1";;"3";;"4";;"4";;"de 51 a 99"
"NUI2172";"Marabá";"Marabá";"Grupo 2";"VILA ALBANI";"1";"76";"Censo IBGE";"2010";"4";;;"4";"3";"1";"2";"5";"Área Protegida - municipal";"0";;;"1";;"2";"-";"1";;"1";;"4";;"4";;"de 51 a 99"
"NUI2171";"Marabá";"Marabá";"Grupo 2";"VILA MURUMURU";"1";"182";"Censo IBGE";"2010";"4";;;"4";"2";"1";"2";"5";"Área Protegida - municipal";"1";"FBDS";;"1";;"2";"-";"2";;"1";;"4";"Imagens SV antigas, marcaria o 2";"4";"Sede distrito municipal";"de 100 a 700"
"NUI2179";"Marabá";"Marabá";"Grupo 2";"VILA TRÊS PODERES OU TRINDADE - NOROESTE";"1";"265";"Censo IBGE";"2010";"4";;;"4";"2";"1";"2";"5";"Área Protegida - municipal";"0";;;"1";;"2";"-";"1";;"3";;"4";"Imagem SV de 2012 - marcaria o 2";"4";"Sede distrito municipal";"de 100 a 700"
"NUI2178";"Marabá";"Marabá";"Grupo 2";"VILA SARANDI";"1";"2";"Censo IBGE";"2010";"4";;;"4";"2";"1";"2";"5";"Área Protegida - municipal";"1";"IPEA";"imagem de satélite";"1";;"2";"-";"2";;"3";;"4";"Imagem SV de 2012 - marcaria o 2";"4";"Não tem SV atualizado. Imagem aérea 2020 - marcaria o 3";"até 50"
"NUI2166";"Marabá";"Marabá";"Grupo 2";"VILA SÃO PEDRO";"1";"16";"Censo IBGE";"2010";"4";;;"4";"3";"1";"2";"5";"Área Protegida - municipal";"0";;;"1";;"2";"-";"2";;"3";;"4";"Imagens SV antigas, marcaria o 2";"4";;"até 50"
"NUI2180";"Marabá";"Marabá";"Grupo 2";"VILA TRÊS PODERES OU TRINDADE  SUDOESTE";"1";"219";"Censo IBGE";"2010";"4";;;"4";"1";"1";"2";"5";"Área Protegida - municipal";"1";"FBDS";;"1";;"2";"-";"1";;"3";;"4";"Imagem SV de 2012 - marcaria o 2";"4";"Sede distrito municipal";"de 100 a 700"
"NUI2165";"Marabá";"Marabá";"Grupo 2";"VILA CAFÉ";"1";"112";"Censo IBGE";"2010";"4";;;"4";"3";"1";"2";"5";"Área Protegida - municipal";"1";"FBDS";;"1";;"3";"2";"1";;"3";;"4";"Imagens SV antigas, marcaria o 3";"4";"marcaria o 3";"de 100 a 700"
"NUI2177";"Marabá";"Marabá";"Grupo 2";"VILA ESCADA ALTA";"1";"1";"Censo IBGE";"2010";"4";;;"2";"3";"1";"2";"5";"Área Protegida - municipal";"1";"FBDS";;"1";;"2";"-";"3";;"3";;"4";;"4";"Dúvida se é NUI";"até 50"
"NUI2164";"Marabá";"Marabá";"Grupo 2";"VILA SÃO RAIMUNDO";"1";"249";"Censo IBGE";"2010";"4";;;"4";"2";"1";"2";"5";"Área Protegida - municipal";"0";;;"1";;"2";"-";"1";;"3";;"4";"Imagens SV antigas, marcaria o 2";"4";"marcaria o 3";"de 100 a 700"
"NUI2188";"Marabá";"Marabá";"Grupo 2";"VILA CUPU";"1";"357";"Censo IBGE";"2010";"4";;;"3";"3";"1";"2";"1";;"0";;;"1";;"2";"-";"2";"Predomina malha muito aberta. Difere padrão da cidade formal. Traçcado regulador num trecho muito pequeno.";"5";"Quase não se identicam lotes.";"4";"Não tem SV";"4";"Imagem de baixa resolução para as análises";"de 100 a 700"
"NUI2207";"Marabá";"Parauapebas";"Grupo 2";"Chácara do Cacau";"1";"80";"Estimativa dos técnicos municipais";"2020";"2";;;"4";"3";"3";"1";"5";"Área Protegida - municipal";"1";"FBDS";;"3";"DESLIZAMENTO/MOVIMENTO DE MASSA";"1";"-";"2";;"2";;"1";;"1";"asfalto, iluminação";"de 51 a 99"
"NUI2208";"Marabá";"Parauapebas";"Grupo 2";"Lot. Jardim Ipiranga";"1";"1000";"Estimativa dos técnicos municipais";"2020";"2";"loteamento popular";;"3";"3";"2";"1";"5";"Área Protegida - municipal";"1";"FBDS";;"2";;"1";"-";"1";;"1";;"1";;"2";;"de 701 a 2.000"
"NUI2205";"Marabá";"Parauapebas";"Grupo 2";"Casas Populares I e II";"1";"1500";"Estimativa dos técnicos municipais";"2020";"3";"Lotes em área de implementação de programa habitacional pela Prefeitura - O 'Casas Populares' agora são parte do programa Habitar Feliz";;"4";"3";"2";"1";"5";"Área Protegida - municipal";"1";"FBDS";;"3";"alagamento";"1";"-";"1";;"1";;"1";;"1";"Morar Dias Melhores";"de 701 a 2.000"
"NUI2206";"Marabá";"Parauapebas";"Grupo 2";"Céu Azul";"1";"300";"Estimativa dos técnicos municipais";"2020";"1";;;"3";"2";"2";"1";"5";"Área Protegida - municipal";"0";;;"2";;"1";"-";"3";;"3";;"3";;"3";"Betanea B";"de 100 a 700"
"NUI2216";"Marabá";"Parauapebas";"Grupo 2";"Res. Vila Nova";"1";"800";"Estimativa dos técnicos municipais";"2020";"3";"loteamento pop";;"3";"3";"2";"1";"5";"Área Protegida - municipal";"1";"FBDS";;"2";;"1";"-";"1";;"1";;"1";;"2";"ausência de saneamento";"de 701 a 2.000"
"NUI2217";"Marabá";"Parauapebas";"Grupo 2";"Res. Vila Nova II";"1";"200";"Estimativa dos técnicos municipais";"2020";"3";"loteamento pop";;"3";"3";"2";"2";"5";"Área Protegida - municipal";"1";"FBDS";;"2";;"1";"-";"1";;"1";;"1";;"1";;"de 100 a 700"
"NUI2209";"Marabá";"Parauapebas";"Grupo 2";"Lot. Jardim Tropical";"1";"1500";"Estimativa dos técnicos municipais";"2020";"2";;;"3";"3";"2";"1";"5";"Área Protegida - municipal";"1";"FBDS";;"2";;"1";"-";"1";;"1";;"1";;"2";"ausência de saneamento. (intervenção de obras publicas)";"de 701 a 2.000"
"NUI2210";"Marabá";"Parauapebas";"Grupo 2";"Lot. Jardim Tropical II";"1";"2000";"Estimativa dos técnicos municipais";"2020";"2";;;"3";"3";"2";"1";"5";"Área Protegida - municipal";"1";"FBDS";;"2";;"1";"-";"1";;"1";;"1";;"2";"ausência de saneamento (programa de saneamento nos 2 bairros)";"de 701 a 2.000"
"NUI2196";"Marabá";"Palestina do Pará";"Grupo 4";"Cidade Nova";"1";"761";"CADUNICO";"2020";"5";;;"4";"3";"2";"2";"5";"Área Protegida - municipal";"0";"FBDS";"menos de 1%";"2";;"1";"-";"1";;"1";;"1";;"1";;"de 701 a 2.000"
"NUI2200";"Marabá";"Parauapebas";"Grupo 2";"Alto Bonito";"1";"400";"Estimativa dos técnicos municipais";"2020";"2";"2 e 3 - há também presença de conjunto habitacional MCMV";"conjunto habitacional Alto Bonito (antigo Morro do Chapéu) ocupa uma área equivalente 15% do total do NUI";"3";"3";"2";"1";"5";"Área Protegida - municipal";"1";"FBDS";;"3";"há uma área de morro (que foi parcialmente 'desmontado' e terraplenado) e uma ocupação irregular no NUI, possui risco de alagamento";"1";"-";"2";;"1";;"1";;"2";"infraestrutura básica";"de 100 a 700"
"NUI2195";"Marabá";"Palestina do Pará";"Grupo 4";"Alto Bonito";"1";"113";"Censo IBGE";"2010";"5";;;"4";"3";"2";"2";"5";"Área Protegida - municipal";"1";"Prefeitura";"Pesquisa de Campo";"2";;"1";"-";"1";;"2";;"1";;"2";;"de 100 a 700"
"NUI2194";"Marabá";"Palestina do Pará";"Grupo 4";"Liberdade";"1";"79";"CADUNICO";"2020";"5";;;"4";"3";"2";"2";"5";"Área Protegida - municipal";"0";;;"2";;"1";"-";"1";;"1";;"1";;"2";;"de 51 a 99"
"NUI2203";"Marabá";"Parauapebas";"Grupo 2";"Bairro Novo Brasil";"1";"400";"Estimativa dos técnicos municipais";"2020";"1";;;"4";"3";"3";"1";"5";"Área Protegida - municipal";"1";"FBDS";;"3";"alagamento";"1";"-";"2";;"2";;"2";;"2";"PLHIS: A e B";"de 100 a 700"
"NUI2204";"Marabá";"Parauapebas";"Grupo 2";"Bela Vista";"1";"500";"Estimativa dos técnicos municipais";"2020";"1";;;"4";"1";"2";"1";"5";"Área Protegida - municipal";"1";"FBDS";;"3";"alagamento";"1";"-";"2";;"1";;"1";;"2";"Intervenções necessárias - Equipamentos urbanos e serviços e adequação de UHs (PLHIS: Bela Vista I A/II A/II B ; Há projeto de parcelamento do solo)";"de 100 a 700"
"NUI2201";"Marabá";"Parauapebas";"Grupo 2";"Alto da Boa Vista";"1";"500";"Estimativa dos técnicos municipais";"2020";"2";"1 e 2 - há também presença de ocupações espontâneas";"indeterminado";"4";"2";"2";"1";"5";"Área Protegida - municipal";"1";"FBDS";;"2";;"1";"-";"4";;"3";;"1";;"3";;"de 100 a 700"
"NUI2202";"Marabá";"Parauapebas";"Grupo 2";"Maranhãozinho";"1";"366";"PLHIS";"2010";"1";;;"4";"3";"3";"1";"5";"Área Protegida - municipal";"1";"Prefeitura";"Pesquisa de Campo";"3";"Parte consolidado e parte não consolidável. Risco de desmoronamento (fonte: plano diretor e PLHIS)";"1";"-";"3";;"4";;"1";;"2";"Parte da pop. Deve ser removida por estar em área de risco e parte da área deve receber equipamentos urbanos e serviços e adequação de UH`s, está passando por uma intervenção urbanística no momento";"de 100 a 700"
"NUI2189";"Marabá";"Marabá";"Grupo 2";"VILA GARIMPO DAS PEDRAS";"1";"58";"Censo IBGE";"2010";"1";;;"4";"3";"1";"2";"1";;"1";"FBDS";;"1";;"2";"-";"1";;"3";;"4";;"3";;"de 51 a 99"
"NUI2199";"Marabá";"Palestina do Pará";"Grupo 4";"Galileia";"1";"49";"Censo IBGE";"2010";"5";;;"4";"3";"2";"2";"5";"Área Protegida - municipal";"1";"FBDS";;"2";;"1";"-";"1";;"3";;"2";;"1";;"até 50"
"NUI2185";"Marabá";"Marabá";"Grupo 2";"VILA BELO VALE  KM 16";"1";"80";"Censo IBGE";"2010";"4";;;"4";"3";"1";"2";"1";;"0";;;"1";;"2";"-";"2";"Predomina malha muito aberta. Difere padrão da cidade formal. Traçado regulador num trecho muito pequeno.";"3";;"4";"SV2012";"4";;"de 51 a 99"
"NUI2186";"Marabá";"Marabá";"Grupo 2";"VILA BOA ESPERANÇA DO BURGO";"1";"28";"Censo IBGE";"2010";"4";;;"4";"3";"1";"2";"1";;"1";"FBDS";;"1";;"2";"-";"2";"Predomina malha muito aberta. Difere padrão da cidade formal. Traçado regulador num trecho muito pequeno.";"3";;"4";"SV2012";"4";;"até 50"
"NUI2197";"Marabá";"Palestina do Pará";"Grupo 4";"Centro";"1";"395";"CADUNICO";"2020";"5";;;"4";"3";"3";"2";"5";"Área Protegida - municipal";"0";"FBDS";"menos de 1%";"2";;"1";"-";"1";;"2";;"1";;"1";;"de 100 a 700"
"NUI2198";"Marabá";"Palestina do Pará";"Grupo 4";"Rua Nova";"1";"84";"Censo IBGE";"2010";"5";;;"4";"3";"2";"2";"5";"Área Protegida - municipal";"1";"Prefeitura";"Pesquisa de Campo";"2";;"1";"-";"1";;"3";;"2";;"1";;"de 51 a 99"
"NUI2192";"Marabá";"Palestina do Pará";"Grupo 4";"ARAGUAIA - porteirinha";"1";"27";"Censo IBGE";"2010";"1";"invasão";;"4";"1";"2";"1";"5";"Área Protegida - municipal";"1";"Prefeitura";"Pesquisa de Campo";"2";;"1";"-";"1";;"3";;"2";;"3";;"até 50"
"NUI2193";"Marabá";"Palestina do Pará";"Grupo 4";"Bananal";"1";"48";"Censo IBGE";"2010";"5";;;"4";"3";"2";"1";"5";"Área Protegida - municipal";"1";"s/i";"Pesquisa de Campo";"2";;"1";"-";"1";;"1";;"1";;"3";;"até 50"
"NUI2159";"Marabá";"Marabá";"Grupo 2";"São Miguel da Conquista (dentro do Loteamento Belo Horizonte)";"1";"281";"Censo IBGE";"2010";"1";;;"4";"2";"3";"1";"5";"parte cota 82m";"0";;;"3";"alagamento";"4";"2";"1";;"1";;"4";;"2";"rua sem drenagem, iluminação, ruas sem asfalto";"de 100 a 700"
"NUI2136";"Marabá";"Marabá";"Grupo 2";"Carajás II (parte de Loteamento Belo Horizonte e parte do Vale do Itacaiúnas)";"1";"153";"Censo IBGE";"2010";"1";;;"4";"3";"3";"1";"5";"Área Protegida - municipal";"1";"FBDS";;"3";"alagamento";"3";"2";"1";;"1";;"4";;"2";;"de 100 a 700"
"NUI2161";"Marabá";"Marabá";"Grupo 2";"Filadélfia";"1";"292";"Censo IBGE";"2010";"2";;;"4";"3";"3";"1";"5";"Área Protegida - municipal";"1";"FBDS";;"3";"alagamento/desabamento";"3";"2";"1";;"2";;"4";;"2";;"de 100 a 700"
"NUI2160";"Marabá";"Marabá";"Grupo 2";"São Miguel da Conquista II (dentro do Loteamento Belo Horizonte)";"1";"231";"Censo IBGE";"2010";"1";;;"4";"3";"3";"1";"5";"Área Protegida - municipal";"1";"FBDS";;"3";"alagamento";"3";"2";"1";;"1";;"4";;"2";;"de 100 a 700"
"NUI2190";"Marabá";"Marabá";"Grupo 2";"VILA MURAJUBA  NAZARÉ";"1";"165";"Censo IBGE";"2010";"4";;;"5";"3";"1";"2";"1";;"0";;;"1";;"2";"-";"2";"Predomina malha muito aberta. Difere padrão da cidade formal. Traçcado regulador num trecho muito pequeno.";"3";;"4";"Não tem SV";"4";;"de 100 a 700"
"NUI2191";"Marabá";"Marabá";"Grupo 2";"VILA SORORÓ";"1";"426";"Censo IBGE";"2010";"4";;;"4";"2";"1";"2";"1";;"1";"FBDS";;"1";;"4";"2";"1";;"1";;"4";;"2";"Sede distrito municipal";"de 100 a 700"
"NUI2135";"Marabá";"Marabá";"Grupo 2";"Carajás I (parte de Loteamento Belo Horizonte e parte do Vale do Itacaiúnas)";"1";"381";"Censo IBGE";"2010";"1";;;"4";"3";"3";"1";"5";"Área Protegida - municipal";"1";"FBDS";;"3";"alagamento";"3";"2";"1";;"1";;"4";;"2";;"de 100 a 700"
"NUI2133";"Marabá";"Marabá";"Grupo 2";"Bairro Novo Paraiso (km 6,5 - 8)";"3. trabalho de campo";"73";"Censo IBGE";"2010";"1";;;"4";"3";"2";"1";"5";"abaixo cota 82 m";"0";;;"3";"assoreamento, alagamento";"4";"2";"3";;"1";;"2";;"3";"km8";"de 51 a 99"
"NUI2246";"Marabá";"Piçarra";"Grupo 4";"ZEIS 03";"PLANO DIRETOR";"45";"Censo IBGE";"2010";"1";;;"3";"2";"2";"1";"5";"Área Protegida - municipal";"1";"FBDS";;"2";;"1";"-";"2";;"3";;"1";;"4";;"até 50"
"NUI2241";"Marabá";"Piçarra";"Grupo 4";"ZEIS BRASIL NOVO";"PLANO DIRETOR";"84";"CADUNICO";"2020";"1";;;"4";"2";"2";"1";"5";"Área Protegida - municipal";"1";"FBDS";;"2";;"1";"-";"3";;"3";;"2";;"4";;"de 51 a 99"
"NUI2239";"Marabá";"Piçarra";"Grupo 4";"GABRIEL SOARES";"DECRETO 1020A/2019";"144";"CADUNICO";"2020";"2";;;"4";"2";"3";"2";"5";"Área Protegida - municipal";"1";"FBDS";;"2";;"1";"-";"2";;"2";;"1";;"2";;"de 100 a 700"
"NUI2240";"Marabá";"Piçarra";"Grupo 4";"FERREIRA CARDOSO";"DECRETO 1020A/2019";"39";"Censo IBGE";"2010";"2";;;"4";"4";"3";"2";"5";"Área Protegida - municipal";"1";"FBDS";;"2";;"1";"-";"2";;"2";;"1";;"2";;"até 50"
"NUI2244";"Marabá";"Piçarra";"Grupo 4";"ZEIS IRREGULAR 01";"PLANO DIRETOR";"19";"Censo IBGE";"2010";"2";;;"3";"3";"2";"1";"5";"Área Protegida - municipal";"1";"FBDS";;"2";;"1";"-";"2";;"3";;"2";;"4";;"até 50"
"NUI2245";"Marabá";"Piçarra";"Grupo 4";"ZEIS IRREGULAR 02";"PLANO DIRETOR";"68";"Censo IBGE";"2010";"2";;;"3";"3";"3";"1";"5";"Área Protegida - municipal";"1";"FBDS";;"2";;"1";"-";"2";;"3";;"1";;"4";;"de 51 a 99"
"NUI2242";"Marabá";"Piçarra";"Grupo 4";"ZEIS JOSÉ GOIANO";"PLANO DIRETOR";"19";"Censo IBGE";"2010";"1";;;"4";"3";"3";"1";"5";"Área Protegida - municipal";"0";;;"2";;"1";"-";"2";;"3";;"2";;"4";;"até 50"
"NUI2243";"Marabá";"Piçarra";"Grupo 4";"ZEIS CENTRO";"PLANO DIRETOR";"70";"Censo IBGE";"2010";"1";;;"3";"1";"3";"1";"5";"Área Protegida - municipal";"1";"FBDS";;"2";;"1";"-";"3";;"3";;"1";;"4";;"de 51 a 99"
"NUI2233";"Marabá";"Parauapebas";"Grupo 2";"Residencial Linha Verde";"1";"200";"Estimativa dos técnicos municipais";"2020";"2";;;"3";"3";"3";"2";"5";"Área Protegida - municipal";"1";"FBDS";;"2";;"1";"-";"2";;"1";;"2";;"3";"Intervenção necessária - adequação de UH`s , implantação de infraestrutura básica. (LOT PART, TEM PARCELAMENTO, IRREGULAR)";"de 100 a 700"
"NUI2234";"Marabá";"Parauapebas";"Grupo 2";"Rio Verde";"1";"979";"CADUNICO";"2020";"1";"Favela na área central da cidade, com características de inadequação pela localização próxima às margens de córrego, o
que acarreta risco de enchentes no período de chuvas.";;"4";"3";"3";"2";"5";"Área Protegida - municipal";"1";"FBDS";;"3";"alagamento";"1";"-";"2";;"1";"2";"2";"popular, médio e alto";"2";"Intervenção necessária - Remoção (GLEBA PATR, PARC 515, DESCARACTERIZADO AUTO DE PARCELAMENTO)";"de 701 a 2.000"
"NUI2231";"Marabá";"Parauapebas";"Grupo 2";"Primavera (Riacho Doce)";"1";"250";"PLHIS";"2010";"1";;;"4";"3";"3";"2";"5";"Área Protegida - municipal";"1";"FBDS";;"3";"Inadequado pois está a margem de um córrego/inundação";"1";"-";"2";;"1";"2";"1";;"2";"Intervenção necessária - Remoção - segundo o PLHIS (2015) (REGISTRADO S AUTO DE DEMERCAÇÃO)";"de 100 a 700"
"NUI2232";"Marabá";"Parauapebas";"Grupo 2";"Primavera";"1";"446";"CADUNICO";"2020";"2";;;"4";"3";"3";"2";"5";"Área Protegida - municipal";"1";"FBDS";;"3";"inundação";"1";"-";"3";;"3";;"2";;"2";"Intervenção necessária - Remoção - segundo o PLHIS (2015)";"de 100 a 700"
"NUI2236";"Marabá";"Parauapebas";"Grupo 2";"Vila Paulo Fonteles";"1";"200";"Estimativa dos técnicos municipais";"2020";"4";"Vila de origem ocupação espontânea";;"4";"3";"1";"1";"5";"Área Protegida - municipal";"1";"FBDS";;"2";;"1";"-";"3";;"3";"parcial distanciamento";"1";;"3";;"de 100 a 700"
"NUI2238";"Marabá";"Piçarra";"Grupo 4";"CENTRO";"DECRETO 1020A/2019";"541";"CADUNICO";"2020";"2";;;"4";"2";"3";"2";"5";"Área Protegida - municipal";"1";"FBDS";;"2";;"1";"-";"2";;"2";;"1";;"2";;"de 100 a 700"
"NUI2235";"Marabá";"Parauapebas";"Grupo 2";"União";"1";"150";"Estimativa dos técnicos municipais";"2020";"2";;;"4";"3";"3";"2";"5";"Área Protegida - municipal";"1";"FBDS";;"3";"Inadequado pois está a margem de um córrego - parc alagamento";"1";"-";"2";;"2";;"2";;"2";"Intervenção necessária - Remoção (GLEBA PATR, PARC 515, DESCARACTERIZADO AUTO DE PARCELAMENTO)";"de 100 a 700"
"NUI2237";"Marabá";"Parauapebas";"Grupo 2";"Vila Rica";"1";"41";"Estimativa dos técnicos municipais";"2020";"2";;;"4";"2";"2";"2";"5";"Área Protegida - municipal";"1";"FBDS";;"2";;"1";"-";"2";;"1";;"1";;"2";;"até 50"
